<?xml version="1.0" encoding="UTF-8"?>
<!DOCTYPE hibernate-configuration PUBLIC "-//Hibernate/Hibernate Configuration DTD 3.0//EN"
                                         "http://hibernate.sourceforge.net/hibernate-configuration-3.0.dtd">
<hibernate-configuration>
	<session-factory>
		<!-- Database connection settings -->
  		<property name="hibernate.dialect">net.sf.hibernate.dialect.MySQLDialect</property>
  		<property name="hibernate.connection.driver_class">com.mysql.jdbc.Driver</property>
  		<property name="hibernate.connection.url">jdbc:mysql://localhost/java_simplon</property>
  		<property name="hibernate.connection.username">java_simplon</property>
  		<property name="hibernate.connection.password">password</property>
  		<property name="dialect">org.hibernate.dialect.MySQLDialect</property>
  		
  		<property name="connection.pool_size">5</property>
  		<!-- Supprimer et re-créée le schéma de base de données au démarrage -->
  		
  		<property name="hbm2ddl.auto">create</property>
		<!-- Montrer toutes les réquêtes générées -->
		<property name="show_sql">true</property>
		
		<mapping class="com.simplon.java_hibernate.simple.CreneauHoraire"/>
		<mapping class="com.simplon.java_hibernate.simple.Ressource"/>
		<mapping class="com.simplon.java_hibernate.simple.Reservation"/>
	</session-factory>
</hibernate-configuration>
